Source File	Size	loadResources	load	generateSnapshots	load-configure	scan	loadDepInfo	loadInfo	checkR4R4B	generateNarratives	validate	loadLists	checkConformanceResources	checkConformanceResources2	checkConformanceResources3	generateLogicalMaps	validateExpressions	scanForUsageStats	checkURLsUnique	processProvenanceDetails	generate1	generate2	generateLogicals	makeDependencies	generateExampleZip	generateValidationPack	scanProfilesForR5	scanExamplesForR5
/fsh-generated/resources/ImplementationGuide-xtehr.eu.ehds.models.json	26036	-	0	0	0	0	0	0	12	74	0	0	0	0	0	0	0	1	0	0	101	167	0	0	0	5	0	0
fsh-generated/resources/StructureDefinition-EHDSAddress.json	4174	9	0	9	0	0	0	0	0	66	0	0	0	0	0	0	0	1	0	0	56	986	0	0	0	2	0	0
fsh-generated/resources/StructureDefinition-EHDSAdvanceDirective.json	5111	4	0	36	0	0	0	0	0	24	0	0	0	0	0	0	0	0	0	0	58	211	0	0	0	4	0	1
fsh-generated/resources/StructureDefinition-EHDSAlert.json	4115	3	0	15	0	0	0	0	0	15	0	0	0	0	0	0	0	0	0	0	46	168	0	0	0	2	0	0
fsh-generated/resources/StructureDefinition-EHDSAllergyIntolerance.json	2098	3	0	44	0	0	0	0	0	18	0	0	0	0	0	0	0	1	0	0	44	183	0	0	0	1	0	0
fsh-generated/resources/StructureDefinition-EHDSAllergyIntoleranceCore.json	10002	7	0	0	0	0	0	0	0	25	0	0	0	0	0	0	0	0	0	0	86	177	0	0	0	3	0	0
fsh-generated/resources/StructureDefinition-EHDSAttachment.json	3894	6	0	12	1	0	0	0	0	11	0	0	0	0	0	0	0	0	0	0	40	90	0	0	0	2	0	0
fsh-generated/resources/StructureDefinition-EHDSBodyStructure.json	3838	3	0	14	0	0	0	0	0	12	0	0	0	0	0	0	0	0	0	0	38	71	0	0	0	1	0	0
fsh-generated/resources/StructureDefinition-EHDSCarePlan.json	4191	3	0	19	0	0	0	0	0	12	0	0	0	0	0	0	0	0	0	0	52	82	0	0	0	2	0	0
fsh-generated/resources/StructureDefinition-EHDSCondition.json	4500	4	0	44	0	0	0	0	0	11	0	0	1	0	0	0	0	0	0	0	50	125	0	0	0	2	0	1
fsh-generated/resources/StructureDefinition-EHDSConditionCore.json	6397	3	0	0	0	0	0	0	0	14	0	0	0	0	0	0	0	0	0	0	59	102	0	0	0	2	0	0
fsh-generated/resources/StructureDefinition-EHDSCoverage.json	3859	4	0	12	0	0	0	0	0	11	0	0	0	0	0	0	0	0	0	0	41	57	0	0	0	2	0	0
fsh-generated/resources/StructureDefinition-EHDSCurrentPregnancy.json	3625	3	0	12	0	0	0	0	0	6	0	0	0	0	0	0	0	0	0	0	40	82	0	0	0	1	0	0
fsh-generated/resources/StructureDefinition-EHDSDataSet.json	5419	4	0	0	0	0	0	0	0	13	0	0	0	0	0	0	0	0	0	0	58	64	0	0	0	3	0	0
fsh-generated/resources/StructureDefinition-EHDSDevice.json	5134	4	0	16	0	0	0	0	0	9	0	0	0	0	0	0	0	0	0	0	47	62	0	0	0	2	0	0
fsh-generated/resources/StructureDefinition-EHDSDeviceUse.json	2822	2	0	33	0	0	0	0	0	9	0	0	0	0	0	0	0	1	0	0	44	72	0	0	0	4	0	0
fsh-generated/resources/StructureDefinition-EHDSDeviceUseCore.json	3977	3	0	0	0	0	0	0	0	8	0	0	0	0	0	0	0	0	0	0	53	76	0	0	0	2	0	0
fsh-generated/resources/StructureDefinition-EHDSDischargeReport.json	12060	4	0	118	0	0	0	0	0	85	0	0	0	0	0	0	0	0	0	0	238	368	0	0	0	11	0	1
fsh-generated/resources/StructureDefinition-EHDSDischargeReportCore.json	67921	16	0	0	1	0	0	0	0	121	0	0	0	0	0	0	0	1	0	0	497	378	0	0	0	15	0	0
fsh-generated/resources/StructureDefinition-EHDSDispenseDecline.json	3035	3	0	7	0	0	0	0	0	10	0	0	0	0	0	0	0	0	0	0	35	63	0	0	0	1	0	0
fsh-generated/resources/StructureDefinition-EHDSDocument.json	9699	5	0	0	0	0	0	0	0	20	0	0	0	0	0	0	0	0	0	0	90	106	0	0	0	3	0	0
fsh-generated/resources/StructureDefinition-EHDSDosage.json	2736	2	0	5	0	0	0	0	0	10	0	1	0	0	0	0	0	0	0	0	36	61	0	0	0	1	0	0
fsh-generated/resources/StructureDefinition-EHDSDosaging.json	1609	3	0	28	0	0	0	0	0	10	0	0	1	0	0	0	0	0	0	0	41	124	0	0	0	1	1	1
fsh-generated/resources/StructureDefinition-EHDSDosagingCore.json	18157	6	0	0	0	0	0	0	0	38	0	0	0	0	0	0	0	1	0	0	157	141	0	0	0	4	0	0
fsh-generated/resources/StructureDefinition-EHDSEncounter.json	3906	3	0	28	0	0	0	0	0	11	0	0	0	0	0	0	0	0	0	0	59	106	0	0	0	1	0	0
fsh-generated/resources/StructureDefinition-EHDSEncounterCore.json	10761	4	0	0	0	0	0	0	0	22	0	0	0	0	0	0	0	0	0	0	106	140	0	0	0	4	0	0
fsh-generated/resources/StructureDefinition-EHDSEndpoint.json	6006	4	0	7	0	0	0	0	0	15	0	0	0	0	0	0	0	0	0	0	54	73	0	0	0	1	0	0
fsh-generated/resources/StructureDefinition-EHDSEpisodeOfCare.json	4553	2	0	7	1	0	0	0	0	19	0	0	0	0	0	0	0	0	0	0	57	62	0	0	0	2	0	0
fsh-generated/resources/StructureDefinition-EHDSFamilyMemberHistory.json	3877	3	0	8	0	0	0	0	0	13	0	0	0	0	0	0	0	0	0	0	47	66	0	0	0	1	0	0
fsh-generated/resources/StructureDefinition-EHDSFunctionalStatus.json	2961	3	0	11	0	0	0	0	0	8	0	0	0	0	0	0	0	1	0	0	38	72	0	0	0	1	0	0
fsh-generated/resources/StructureDefinition-EHDSFunctionalStatusCore.json	4630	3	0	0	0	0	0	0	0	17	0	0	0	0	0	0	0	0	0	0	51	69	0	0	0	1	0	0
fsh-generated/resources/StructureDefinition-EHDSHealthProfessional.json	6445	3	0	6	0	0	0	0	0	11	0	0	0	0	0	0	0	0	0	0	48	57	0	0	0	1	0	0
fsh-generated/resources/StructureDefinition-EHDSHumanName.json	2546	3	0	9	0	0	0	0	0	8	0	0	0	0	0	0	0	0	0	0	29	55	0	0	0	1	0	1
fsh-generated/resources/StructureDefinition-EHDSHumanNameCore.json	1699	3	0	0	1	0	0	0	0	7	0	0	0	0	0	0	0	0	0	0	21	44	0	0	0	0	0	0
fsh-generated/resources/StructureDefinition-EHDSImagingReport.json	31458	77	0	25	0	0	0	0	0	42	0	0	0	0	0	0	0	0	0	0	260	198	0	0	0	10	0	0
fsh-generated/resources/StructureDefinition-EHDSImagingStudy.json	15757	5	0	13	0	0	0	0	0	21	0	0	0	0	0	0	0	0	0	0	117	110	0	0	0	3	0	0
fsh-generated/resources/StructureDefinition-EHDSImmunisation.json	4813	2	0	9	0	0	0	0	0	12	0	0	0	0	0	0	0	0	0	0	52	70	0	0	0	2	0	0
fsh-generated/resources/StructureDefinition-EHDSInfectiousContact.json	3980	3	0	7	0	0	0	0	0	11	0	0	0	0	0	0	0	0	0	0	48	62	0	0	0	1	0	0
fsh-generated/resources/StructureDefinition-EHDSLaboratoryObservation.json	4115	3	0	15	0	0	0	0	0	13	0	0	1	0	0	0	0	1	0	0	66	110	0	0	0	2	0	0
fsh-generated/resources/StructureDefinition-EHDSLaboratoryReport.json	17750	4	0	11	0	0	0	0	0	28	0	0	0	0	0	0	0	0	0	0	173	141	0	0	0	4	0	0
fsh-generated/resources/StructureDefinition-EHDSLocation.json	3982	4	0	4	1	0	0	0	0	8	0	0	0	0	0	0	0	0	0	0	36	54	0	0	0	3	0	1
fsh-generated/resources/StructureDefinition-EHDSMedia.json	6282	3	0	4	0	0	0	0	0	10	0	0	0	0	0	0	0	0	0	0	67	69	0	0	0	1	0	0
fsh-generated/resources/StructureDefinition-EHDSMedication.json	5251	3	0	18	0	0	0	0	0	29	0	0	0	0	0	0	0	0	0	0	62	140	0	0	0	3	0	0
fsh-generated/resources/StructureDefinition-EHDSMedicationAdministration.json	4416	3	0	4	0	0	0	0	0	50	0	0	0	0	0	0	0	0	0	0	56	73	0	0	0	1	0	0
fsh-generated/resources/StructureDefinition-EHDSMedicationCore.json	11588	3	0	0	0	0	0	0	0	35	0	0	0	0	0	0	0	0	0	0	107	97	0	0	0	3	0	0
fsh-generated/resources/StructureDefinition-EHDSMedicationDispense.json	7193	4	0	6	0	0	0	0	0	13	0	0	0	0	0	0	0	1	0	0	73	73	0	0	0	2	0	0
fsh-generated/resources/StructureDefinition-EHDSMedicationPrescription.json	18837	4	0	8	0	0	0	0	0	28	0	0	0	0	0	0	0	0	0	0	167	112	0	0	0	4	0	0
fsh-generated/resources/StructureDefinition-EHDSMedicationStatement.json	2261	3	0	5	1	0	0	0	0	8	0	0	0	0	0	0	0	0	0	0	32	59	0	0	0	1	0	0
fsh-generated/resources/StructureDefinition-EHDSMedicationStatementCore.json	4430	2	0	0	0	0	0	0	0	8	0	0	0	0	0	0	0	0	0	0	38	63	0	0	0	1	0	0
fsh-generated/resources/StructureDefinition-EHDSObservation.json	7701	4	0	0	0	0	0	0	0	19	0	0	0	0	0	0	0	0	0	0	107	112	0	0	0	4	0	0
fsh-generated/resources/StructureDefinition-EHDSObservationCore.json	11484	3	0	0	0	0	0	0	0	21	0	0	0	0	0	0	0	0	0	0	112	100	0	0	0	3	0	1
fsh-generated/resources/StructureDefinition-EHDSOrganisation.json	3744	3	0	3	0	0	0	0	0	6	0	0	0	0	0	0	0	0	0	0	33	47	0	0	0	1	0	0
fsh-generated/resources/StructureDefinition-EHDSPatient.json	2044	2	0	9	0	0	0	0	0	6	0	0	0	0	0	0	0	0	0	0	29	55	0	0	0	0	0	0
fsh-generated/resources/StructureDefinition-EHDSPatientAnimal.json	5029	3	0	5	0	0	0	0	0	8	0	0	0	0	0	0	0	0	0	0	48	58	0	0	0	2	0	0
fsh-generated/resources/StructureDefinition-EHDSPatientCore.json	5250	3	0	0	1	0	0	0	0	5	0	0	0	0	0	0	0	1	0	0	43	54	0	0	0	2	0	0
fsh-generated/resources/StructureDefinition-EHDSPatientSummary.json	27970	5	0	23	0	0	0	0	0	33	0	0	0	0	0	0	0	0	0	0	226	192	0	1	0	7	1	0
fsh-generated/resources/StructureDefinition-EHDSPregnancyHistory.json	3128	3	0	6	0	0	0	0	0	8	0	0	0	0	0	0	0	0	0	0	34	59	0	0	0	1	0	0
fsh-generated/resources/StructureDefinition-EHDSProcedure.json	2335	3	0	11	0	0	0	0	0	6	0	0	0	0	0	0	0	0	0	0	36	65	0	0	0	1	0	0
fsh-generated/resources/StructureDefinition-EHDSProcedureCore.json	6350	3	0	0	0	0	0	0	0	7	0	0	1	0	0	0	0	0	0	0	65	70	0	0	0	1	0	0
fsh-generated/resources/StructureDefinition-EHDSRelatedPerson.json	4164	3	0	5	0	0	0	0	0	5	0	0	0	0	0	0	0	0	0	0	35	76	0	0	0	1	0	0
fsh-generated/resources/StructureDefinition-EHDSServiceRequest.json	7583	3	0	9	0	0	0	0	0	10	0	0	0	0	0	0	0	1	0	0	81	79	0	0	0	2	0	0
fsh-generated/resources/StructureDefinition-EHDSSocialHistory.json	2555	3	0	7	1	0	0	0	0	5	0	0	0	0	0	0	0	0	0	0	30	52	0	0	0	1	0	1
fsh-generated/resources/StructureDefinition-EHDSSpecimen.json	5234	3	0	10	0	0	0	0	0	8	0	0	0	0	0	0	0	0	0	0	57	59	0	0	0	2	0	0
fsh-generated/resources/StructureDefinition-EHDSSpecimenCore.json	3393	2	0	0	0	0	0	0	0	5	0	0	0	0	0	0	0	0	0	0	31	42	0	0	0	0	0	0
fsh-generated/resources/StructureDefinition-EHDSSubstance.json	3949	3	0	6	0	0	0	0	0	5	0	0	0	0	0	0	0	0	0	0	38	49	0	0	0	1	0	0
fsh-generated/resources/StructureDefinition-EHDSSubstanceUse.json	4248	3	0	8	0	0	0	0	0	6	0	0	0	0	0	0	0	0	0	0	48	66	0	0	0	2	0	0
fsh-generated/resources/StructureDefinition-EHDSTelecom.json	2275	2	0	4	0	0	0	0	0	5	0	0	0	0	0	0	0	0	0	0	25	41	0	0	0	0	0	0
fsh-generated/resources/StructureDefinition-EHDSTravelHistory.json	2421	3	0	6	0	0	0	0	0	5	0	0	0	0	0	0	0	0	0	0	29	54	0	0	0	1	0	0
/input/includes/dmn2html.xslt	6208	-	-	-	0	0	0	0	0	0	0	0	0	0	0	0	0	0	0	0	0	0	0	0	0	0	0	0
/input/includes/dmn.css	838	-	-	-	0	0	0	0	0	0	0	0	0	0	0	0	0	0	0	0	0	0	0	0	0	0	0	0
/fsh-generated/includes/fsh-link-references.md	4259	-	-	-	0	0	0	0	0	0	0	0	0	0	0	0	0	0	0	0	0	1	0	0	0	0	0	0
/fsh-generated/includes/menu.xml	2386	-	-	-	0	0	0	0	0	0	0	0	0	0	0	0	0	0	0	0	0	0	0	0	0	0	0	0
/input/pagecontent/useCaseLabOrder.md	746	-	-	-	0	0	0	0	0	0	0	0	0	0	0	0	0	0	0	0	0	1	0	0	0	0	0	0
/input/pagecontent/obligationsLabReport.md	1060	-	-	-	0	0	0	0	0	0	0	0	0	0	0	0	0	0	0	0	0	0	0	0	0	0	0	0
/input/pagecontent/StructureDefinition-EHDSPatientSummary-intro.md	1322	-	-	-	0	0	0	0	0	0	0	0	0	0	0	0	0	0	0	0	0	0	0	0	0	0	0	0
/input/pagecontent/howto.md	8792	-	-	-	0	0	0	0	0	0	0	0	0	0	0	0	0	0	0	0	0	0	0	0	0	0	0	0
/input/pagecontent/StructureDefinition-EHDSPatientSummary-notes.md	1816	-	-	-	0	0	0	0	0	0	0	0	0	0	0	0	0	0	0	0	0	0	0	0	0	0	0	0
/input/pagecontent/StructureDefinition-EHDSMedicationStatement-intro.md	398	-	-	-	0	0	0	0	0	0	0	0	0	0	0	0	0	0	0	0	0	0	0	0	0	0	0	0
/input/pagecontent/useCasePatientSummary.md	1649	-	-	-	0	0	0	0	0	0	0	0	0	0	0	0	0	0	0	0	0	0	0	0	0	0	0	0
/input/pagecontent/useCasePrescription.md	4624	-	-	-	0	0	0	0	0	0	0	0	0	0	0	0	0	0	0	0	0	0	0	0	0	0	0	0
/input/pagecontent/knownIssues.md	128	-	-	-	0	0	0	0	0	0	0	0	0	0	0	0	0	0	0	0	0	0	0	0	0	0	0	0
/input/pagecontent/useCaseHospitalDischargeReport.md	1131	-	-	-	0	0	0	0	0	0	0	0	0	0	0	0	0	0	0	0	0	0	0	0	0	0	0	0
/input/pagecontent/StructureDefinition-EHDSDischargeReport-intro.md	952	-	-	-	0	0	0	0	0	0	0	0	0	0	0	0	0	0	0	0	0	0	0	0	0	0	0	0
/input/pagecontent/useCaseLabReport.md	1663	-	-	-	0	0	0	0	0	0	0	0	0	0	0	0	0	0	0	0	0	0	0	0	0	0	0	0
/input/pagecontent/scope.md	1974	-	-	-	0	0	0	0	0	0	0	0	0	0	0	0	0	0	0	0	0	0	0	0	0	0	0	0
/input/pagecontent/useCaseMedicalImages.md	1011	-	-	-	0	0	0	0	0	0	0	0	0	0	0	0	0	0	0	0	0	1	0	0	0	0	0	0
/input/pagecontent/downloads.md	299	-	-	-	0	0	0	0	0	0	0	0	0	0	0	0	0	0	0	0	0	0	0	0	0	0	0	0
/input/pagecontent/index.md	3705	-	-	-	0	0	0	0	0	0	0	0	0	0	0	0	0	0	0	0	0	0	0	0	0	0	0	0
/input/pagecontent/wow.md	1067	-	-	-	0	0	0	0	0	0	0	0	0	0	0	0	0	0	0	0	0	0	0	0	0	0	0	0
/template/config	0	-	-	-	0	0	0	0	0	0	0	0	0	0	0	0	0	0	0	0	0	0	0	0	0	0	0	0
/template/config/_config.yml	140	-	-	-	0	0	0	0	0	0	0	0	0	0	0	0	0	0	0	0	0	0	0	0	0	0	0	0
/input/images	0	-	-	-	0	0	0	0	0	0	0	0	0	0	0	0	0	0	0	0	0	0	0	0	0	0	0	0
/input/images/24px.svg	234	-	-	-	0	0	0	0	0	0	0	0	0	0	0	0	0	0	0	0	0	0	0	0	0	0	0	0
/temp/pages/_includes/artifacts.xml	31864	-	-	-	-	-	-	-	-	-	-	-	-	-	-	-	-	-	-	-	-	0	0	0	0	0	0	0
